sequence,frequency
RV,154
FV,40
VFVFV,13
VFVRV,7
FVFV,7
VFVFVFVFV,5
VFVF,5
VFVFVFV,5
RVFV,4
VFVFVRV,3
FR,3
RF,3
VFVR,3
FVF,2
VRVFVRV,2
FVFVFV,2
VRVRVFV,2
VRFVRV,2
VFVRVRV,2
VFRV,2
VFVFRV,2
RFVFVFVFV,1
RVFVR,1
PRFRVFVFVFV,1
RVFVFVF,1
VRFRFRFRV,1
PFVFV,1
FVFRV,1
VRVRVFR,1
VRVFVFVF,1
FVFRVFVFVFVFVRVFVFV,1
VFVFVFVFVFVFVFVFVFV,1
TFVFVFV,1
FVFR,1
VFVFVFVFVFVFVFVFV,1
RVFVFVFVR,1
VFVFVRFV,1
RVFVFV,1
RVRFRFRVRV,1
RVRVFVP,1
FVFVF,1
VRVFVRFVRV,1
RVFVFVRFRFV,1
VRVFVFVFVFVFVFV,1
RFR,1
VFVFVF,1
VRVRVRFVRVRVRVRV,1
VRVRVRFR,1
TVRFRFRF,1
VFVRVRVRV,1
VRVRVRVFV,1
VFVFVRVRVRVRV,1
RVPVRFV,1
VFVFVR,1
VFR,1
FVFRVR,1
TVFVF,1
VFRF,1
FVFVFVFVFVFV,1
VFVRVRVR,1
VFVFVFVFVFVFVF,1
RFRV,1
TVRVRVFRV,1
VFVFVFVRV,1
VRFRV,1
VRFV,1
RVRVRVRVRVFRV,1
RVRVFVRV,1
PRVFVRV,1
FRFRFRV,1
VRFRFR,1
TFVFV,1
RVRVFVFVFRVF,1
VFVFVFVFVFVPVRV,1
FVFVFVFV,1
VFVRVRVRVRV,1
TVFVFVFVRV,1
VRFVFVT,1
RVRVFVFVFVF,1
VFVFVFVFVFV,1
VFVFVFVR,1
FRFRFVRVFV,1
RVFVRVRV,1
VFVFVRVRV,1
RFVR,1
VFRFR,1
RVRVFVFRVRV,1
VRVFVF,1
VRVFVFVFVFV,1
VFRVR,1
VRVRVFVRV,1
VFVRVF,1
VRVRVFRFVP,1
FVFVFVFVFVFVFVFV,1
FRVFRV,1
FVFVFVF,1
